,Pregnancies,Glucose,BloodPressure,SkinThickness,Insulin,BMI,DiabetesPedigreeFunction,Age
PC1,-0.0020217658679513926,0.09781157650778345,0.016093050251452686,0.06075668605789406,0.993110843808647,0.014010808509231237,0.0005371679191759341,-0.0035647443000113434
PC2,-0.022648886137445583,-0.9722100404713712,-0.14190933034123532,0.057861469869671424,0.09462669130841019,-0.046972976648498484,-0.000816804620784062,-0.14016818118612767
