Feature,Linear Regression Coefficient
Bileşen 1,0.0005885642940960853
Bileşen 2,0.0005885642940960853
