Accuracy,Precision,Recall,F1 Score
0.7445887445887446,0.6235294117647059,0.6625,0.6424242424242423
