Metric,Score
Accuracy,0.7012987012987013
Precision,0.5544554455445545
Recall,0.7
F1 Score,0.6187845303867403
