Metric,Score
Sensitivity,0.6625
Specificity,0.7880794701986755
Accuracy,0.7445887445887446
Precision,0.6235294117647059
Recall,0.6625
F1 Score,0.6424242424242423
